<meta>
	
    <script src="desert.luac" type="client"/>
    <file src="shaders/replace.fx" />

    <file src="img/floor4.jpg" />
    <file src="img/gravelgrass.jpg" />
    <file src="img/gravelgrass2.jpg" />
    <file src="img/green.jpg" />
    <file src="img/greenmix.jpg" />
    <file src="img/greenmix2.jpg" />
    <file src="img/greentrack.jpg" />
    <file src="img/leaves.png" />
    <file src="img/plant.png" />
    <file src="img/road.jpg" />
    <file src="img/road2.jpg" />
    <file src="img/rock.jpg" />
    <file src="img/stones.jpg" />
    <file src="img/tarmac.jpg" />
    <file src="img/xcross.jpg" />
</meta>
